,Plot,RegionName,AverageDBH,Density,DBH_CV,Shannon,shan_Broadleaf,PD,PD_Broadleaf,FDis,FD_Broadleaf,MAT,MAP,SoilThickness,HumusLayerThickness,LitterThickness,Altitude,AGC,Age,Group,MaxDBH
1,1,Changde,10.75979381,1835.820896,34.11767582,0.669598179,0,451.872786,0,0.157711943,0,16.84305573,1262.150024,50,4,3,340,28.37319641,17,NA,19.2
2,2,Changde,5.973684211,1134.328358,11.9917688,0.768936475,0.950270539,891.083751,258.317278,1.098486292,1.478058363,16.14027786,1319.650024,50,1,2,550,0.866250986,5,NA,7.7
3,3,Changde,10.84745763,2746.268657,39.49049008,1.10310775,0.589002605,662.409211,135.912186,1.039088325,0,17.31944466,1228.166626,45,2,2,190,39.10477579,33,NA,21.4
4,4,Changde,9.33030303,567.1641791,13.04201,0.94213954,0,650.100055,135.912186,1.494913351,0,16.96388817,1266.483276,60,1,2,240,6.469712863,20,1,16.4
5,5,Changde,10.846875,1089.552239,42.14846947,1.29851749,1.03370055,1017.71873,248.613382,1.579630966,0.962501187,16.96527672,1258.199951,75,1,2,260,11.04812129,21,1,21.5
6,6,Changde,9.802649007,2328.358209,29.45621163,0.354078321,0.682908105,786.012243,271.824374,0.280924364,1.282558702,17.42777824,1238.366699,45,2,1,240,31.27192163,26,NA,17.6
7,7,Changde,13.26907216,1820.895522,43.90087604,1.158011571,0.403334497,762.801252,135.912187,0.421683219,0,17.30416679,1271.483276,35,3,1,315,59.12331226,35,NA,25.7
8,8,Zhangjiajie,9.431313131,2044.776119,40.23536948,0.631257663,0,451.872786,0,0.052090501,0,16.81111145,1320.333374,35,5,5,280,22.25148802,22,NA,21.4
9,9,Zhangjiajie,10.83111111,1358.208955,42.40168999,1.185133114,0,451.872786,0,1.063179918,0,14.67361069,1478.516602,50,1,2,950,14.37200105,16,NA,20.6
10,10,Zhangjiajie,12.93076923,552.238806,36.2625866,0.799122391,0,451.872786,0,0.36991112,0,15.71388912,1423.68335,50,1,2,560,12.77334224,21,1,20.9
11,11,Changde,9.745323741,2089.552239,31.75208218,0.042414732,0,325.050028,0,0,0,17.55416679,1265.550049,60,10,5,105,29.69242615,26,NA,21.1
12,12,Zhangjiajie,10.08,1671.641791,33.62856811,0.777462132,0,325.050028,0,0,0,15.48194408,1465.849976,45,5,3,1080,8.496334076,5,NA,17.9
13,13,Zhangjiajie,11.08518519,820.8955224,17.85509757,0.090876121,0,325.050028,0,0,0,17.47916603,1286.383301,35,5,5,150,14.00059837,19,NA,14.9
14,14,Changde,12.66233766,1194.029851,36.50736202,0.226632001,0,650.100056,135.912187,0.097745924,0,17.54166794,1283.283325,80,3,2,110,37.12027846,37,NA,22.4
15,15,Changde,11.0675,686.5671642,15.14858,0.618851039,0,650.100056,135.912187,0.529016856,0,17.31805611,1290.033325,85,10,5,150,11.28248786,28,1,18.8
16,16,Xiangxi,7.2,3388.059701,4.05534855,0,0,325.050028,0,0,0,13.58749962,1490.583252,12,1,1,1194,15.49559394,15,NA,7.2
17,17,Zhangjiajie,10.36,1582.089552,42.47165946,0.883347423,0,826.85943,0,0.26679159,0,16.45277786,1414.233398,30,1,2,420,19.61552603,16,NA,21
18,18,Zhangjiajie,9.112658228,1805.970149,35.68052328,0.751049267,0,650.100056,135.912187,0.278578232,0,17.18194389,1327.266602,50,2,1,210,14.533006,20,NA,18.2
19,19,Xiangxi,6.403030303,1522.38806,17.64117597,0.629501261,0,325.050028,0,0,0,16.65416718,1431.550049,25,2,2,560,1.742908558,11,1,9.4
20,20,Xiangxi,7.191304348,1402.985075,29.92480347,0.692920817,0,325.050028,0,0,0,15.14305592,1468.31665,35,2,3,742,4.014174924,15,1,15
21,21,Zhangjiajie,13.9122449,731.3432836,4.415432008,0,0,325.050028,0,0,0,16.95000076,1428.133301,20,3,3,480,22.74372874,18,NA,14
22,22,Zhangjiajie,13.16666667,985.0746269,41.3331128,0.908464123,0.598269589,650.100056,0,0.312307655,0,15.29861069,1472,40,1,2,650,30.09267624,24,NA,25.9
23,23,Zhangjiajie,10.34367816,1761.19403,30.00685399,1.06085007,0,451.872786,0,1.21137054,0,15.59166718,1458.966675,40,1,2,720,20.59135251,16,NA,19.7
24,24,Zhangjiajie,11.10380952,2208.955224,32.14856723,0.923916948,1.120950393,1026.995939,271.824374,0.516971694,1.074625186,16.52499962,1391.466675,50,5,5,390,32.62561784,22,NA,18.45
25,25,Xiangxi,9.565833333,2522.38806,42.01125969,1.573143271,1.521516945,1180.355227,539.3446,1.567496393,1.556359065,16.58889008,1428.033325,23,4,3,542,28.27343923,23,NA,21.16666667
26,26,Xiangxi,12.36133333,1507.462687,69.72528484,1.492830471,0.932073887,1085.748002,258.317278,0.845750426,1.162695763,16.18888855,1457.233276,100,5,3,620,74.3218344,50,2,43.2
27,27,Zhangjiajie,16.01666667,791.0447761,32.78238439,1.057586199,0,776.922814,0,1.240845523,0,14.71666622,1480.966675,70,5,5,890,15.57178293,20,NA,24
28,28,Xiangxi,13.72093023,1253.731343,54.70046465,1.030751684,0,451.872786,0,1.217165631,0,16.0597229,1458.216675,40,3,2,578,35.64064147,30,NA,28.6
29,29,Zhangjiajie,7.274358974,4313.432836,22.72248916,1.072146772,1.359236701,1074.274873,371.018474,0.900467878,1.484793834,17.10000038,1432,40,1,2,370,18.63202197,15,NA,11.7
30,30,Zhangjiajie,8.888,2432.835821,62.2558457,1.003650562,0.941150266,768.67866,0,0.707273417,0,15.96944427,1445.650024,50,5,3,710,16.81740741,17,NA,34.7
31,31,Yueyang,8.517105263,2358.208955,34.83982925,0.266868129,0.636514168,786.012243,135.912187,0.099661836,0,17.35833359,1434.383301,40,1,2,241,23.41960213,16,NA,20.05
32,32,Zhangjiajie,13.11648352,1597.014925,48.21251746,0.996602868,0,776.922814,135.912187,1.098447714,0,16.88888931,1395.300049,70,5,5,250,58.48903889,25,2,29.8
33,33,Changde,11.79125,1641.791045,38.769259,0.990464639,0.392674467,650.100056,135.912187,1.059092804,0,16.99583244,1351.966675,50,5,2,287,32.8881681,20,NA,27.9
34,34,Zhangjiajie,6.721428571,1656.716418,23.72693375,0.411410322,0,650.100056,0,0,0,16.81944466,1443.949951,35,2,1,400,0.91906949,7,NA,10.1
35,35,Changde,10.1,1656.716418,36.38845116,0.853719977,0.376770161,762.801251,248.613382,0.80067343,0.757969685,17.49027824,1332.383301,50,2,2,90,20.22374275,29,1,18.5
36,36,Yueyang,7.356626506,3253.731343,23.40736881,0.549382007,0,325.050028,0,0,0,17.59027863,1420.783325,30,1,2,190,13.98788667,10,NA,13.3
37,37,Xiangxi,10.43170732,1328.358209,42.76514088,1.124543552,0.500402424,776.922814,0,0.192662041,0,15.45972252,1464.166626,60,5,10,680,11.49958357,5,NA,23.7
38,38,Xiangxi,10.46981132,1671.641791,22.29335,1.184148581,1.303092404,1060.493674,297.077955,0.879119411,2.30431695,16.34444427,1451.68335,80,2,5,507,26.44258395,40,1,35
39,39,Zhangjiajie,8.641666667,1388.059701,32.77027907,0.780500423,0.693147181,892.708379,0,0.219549438,0,17.03333282,1417.583374,30,3,2,300,11.13998707,17,NA,18.4
40,40,Changde,10.54689655,2447.761194,41.05700804,1.699063543,1.429433578,1171.283484,517.963701,1.616096381,1.304461252,17.5625,1332,75,1,3,100,42.43553853,13,2,25.25
41,41,Yueyang,7.92278481,2253.731343,23.82162765,1.029735452,0.500402424,910.218303,258.317278,0.662805103,0.744125288,17.74583435,1419.56665,50,1,2,120,8.292770783,18,1,15.7
42,42,Zhangjiajie,12.50857143,731.3432836,35.5058538,0.598269589,0,325.050028,0,0,0,17.1222229,1429.449951,50,5,3,280,16.060648,18,NA,21.7
43,43,Yueyang,8.502857143,3343.283582,29.76831276,0.433398873,0,325.050028,0,0,0,17.45416641,1442.983276,50,1,1,200,4.862893541,5,NA,16.2
44,44,Xiangxi,11.98787879,985.0746269,0.821439677,0,0,325.050028,0,0,0,14.77916718,1508.016602,45,3,5,840,19.77202109,5,2,12
45,45,Xiangxi,7.490322581,2119.402985,39.03504451,0.524760468,0,325.050028,0,0,0,15.91527748,1453.466675,50,3,2,670,3.543275691,7,NA,16.6
46,46,Yueyang,8.167741935,955.2238806,32.55177472,0.69265882,0,325.050028,0,0,0,17.18194389,1494.733398,80,1,2,225,4.0556529,13,1,17.4
47,47,Xiangxi,7.525555556,2671.641791,47.09954394,1.491568394,1.650876928,918.818223,288.844789,2.008275263,1.880395489,16.33749962,1463.133301,40,5,3,570,13.39943604,9,NA,20.8
48,48,Xiangxi,10.62666667,1104.477612,48.50943399,1.325966673,0.167944148,776.922814,0,1.250299584,0,16.60277,1425.63333,40,2,1,580,16.88601517,22,NA,25.5
49,49,Changde,9.901,1805.970149,39.11090063,0.600072065,1.098612289,650.100055,135.912186,0.067943532,0,17.65277863,1358.900024,70,3,10,80,24.75673865,14,2,17.1
50,50,Yueyang,6.620547945,1910.447761,19.8156845,0.683226636,0,325.050028,0,0,0,17.84166718,1425.333374,60,3,2,100,4.354466421,19,1,10.7
51,51,Yueyang,8.712328767,2477.61194,31.88109881,0.685871571,0,325.050028,0,0,0,17.53750038,1478.616699,50,2,2,180,11.12957025,18,NA,14.3
52,52,Xiangxi,11.44516129,835.8208955,41.69805373,0.687396352,0,325.050028,0,0,0,15.63611126,1479.033325,50,7,3,730,12.04031374,9,NA,19.3
53,53,Xiangxi,8.470886076,1462.686567,28.943838,1.099854931,0,826.85943,0,0.83189807,0,17.07083321,1454.366699,40,5,3,380,10.56768888,14,NA,14.7
54,54,Changde,13.90266667,1119.402985,44.12767674,0.952405415,0.822265337,1040.92972,271.824372,0.598666087,2.218929596,16.16250038,1452.199951,50,4,1,590,49.14636424,19,2,37.5
55,55,Yueyang,7.730232558,1194.029851,14.2005105,0.690332038,0,325.050028,0,0,0,15.84305573,1569.18335,30,2,2,340,3.798727509,5,NA,10.7
56,56,Yueyang,13.76101695,1522.38806,50.38799226,1.266266028,1.036198785,899.327905,258.317278,0.986154333,0.949139398,16.4944458,1575.18335,40,10,3,474,47.26839474,19,2,39.5
57,57,Xiangxi,9.6734375,1194.029851,54.27619603,1.75001689,1.199395407,892.708379,0,0.678170386,0,16.75972176,1446.166626,50,5,2,570,21.44393312,18,NA,27.7
58,58,Xiangxi,9.1,970.1492537,41.43475463,1.148685123,1.011404265,1028.796906,376.895881,1.551772835,2.014116649,16.91944504,1456.599976,60,1,4,410,3.663442446,11,1,15.7
59,59,Changde,8.941176471,1059.701493,41.80392581,1.337067026,0.690185676,912.835001,135.912187,1.606172531,1.632148573,17.33333397,1387.25,50,4,1,200,9.378339244,11,NA,25
60,60,Xiangxi,7.88,194.0298507,7.736484,0.858740913,0,650.100056,0,0,0,16.58194542,1435.349976,50,5,3,705,0.547995926,8,1,11.6
61,61,Xiangxi,10.65217391,850.7462687,35.40731688,0.793621033,0,451.872786,0,0.424938392,0,15.90972233,1480.18335,35,2,1,620,6.681665511,12,NA,19.4
62,62,Xiangxi,10.27,1895.522388,53.83679662,1.101959501,0,776.922814,0,1.259615059,0,13.83194447,1545.533325,100,5,4,973,61.24280908,23,2,33.8
63,63,Changde,14.03529412,671.641791,37.80444297,0.824068141,0.636514168,786.012242,271.824373,0.550440725,1.203743907,17.39722252,1388.399902,30,4,1,110,22.75136618,17,NA,26.8
64,64,Yueyang,8.50733945,2641.791045,33.72929824,1.112162141,1.097166386,903.392906,376.895881,0.885359639,1.55154708,17.96666718,1415.81665,80,1,2,70,16.2048748,15,NA,16.65
65,65,Yueyang,9.909459459,1552.238806,40.52005998,1.225422325,0,776.922813,135.912186,1.328314742,0,17.29722214,1485.016724,65,2,3,270,18.27340147,17,NA,20.5
66,66,Yueyang,10.06935484,1298.507463,40.88723842,0.658606954,0,451.872786,0,0.08267026,0,17.72083282,1492.366699,60,10,2,166,17.29232403,19,NA,27.2
67,67,Xiangxi,8.287272727,2044.776119,29.32362185,0.927804238,0,458.984322,0,0.815885139,0,16.52916718,1465.766602,100,3,1,410,12.69663317,9,NA,15.03333333
68,68,Xiangxi,11.41442308,1850.746269,42.32361577,1.115893282,1.360200478,876.074338,233.791748,0.566936568,0.777350293,14.45555592,1535.733398,80,3,1,812,41.46075764,17,2,23.3
69,69,Yueyang,7.54742268,1955.223881,31.304029,0.845057696,0.636514168,786.012243,135.912187,0.24310151,0,17.97360992,1418.233398,70,1,2,90,10.06382624,13,NA,17.2
70,70,Yueyang,9.005555556,3402.985075,22.7332472,0.514653165,0,325.050028,0,0,0,17.3152771,1505.416626,38,2,3,350,26.84016645,20,NA,13.43333333
71,71,Xiangxi,21.95625,895.5223881,52.71939235,0.70349212,0.693147181,650.100056,135.912187,0.313049835,0,16.81388855,1454.983398,60,3,2,410,48.29610643,28,NA,39.3
72,72,Huaihua,15.85151515,1477.61194,60.30969653,1.607553684,1.428055769,1082.538032,429.218249,1.489274255,2.491952761,16.88333321,1434.133301,65,2,1,290,94.69805243,24,2,36.7
73,73,Yueyang,7.974666667,1731.343284,39.071072,0.649555163,0,325.050028,0,0,0,17.8125,1512.31665,30,2,2,140,10.29462961,12,NA,21
74,74,Xiangxi,16.92063492,1238.80597,41.10761666,1.102083777,0.836988217,1016.442615,135.912186,0.204768542,0,15.18611145,1481.083374,60,5,5,840,76.14639882,20,2,33.8
75,75,Xiangxi,16.87692308,641.7910448,73.05904299,1.192506741,0.500402424,650.100056,135.912187,1.437786918,0,14.03472233,1546.449951,65,3,1,1030,87.10216435,48,2,45.6
76,76,Yueyang,10.62666667,2074.626866,40.48569198,0.733512125,0.304636097,899.327906,135.912187,0.630337754,0,17.78888893,1455.599976,50,2,1,150,9.094741688,20,1,17.8
77,77,Yueyang,9.262222222,1537.313433,29.69655599,0.685160962,0,325.050028,0,0,0,17.69583321,1506.733398,50,2,2,160,8.015274412,18,1,18.4
78,78,Xiangxi,20.06428571,567.1641791,34.66649555,0.922075437,0,451.872786,0,0.764160566,0,16.8722229,1464.333374,50,12,7,340,49.15024559,26,NA,29
79,79,Yueyang,10.0173913,1701.492537,35.78347162,0.957624813,0,776.922814,0,0.798159354,0,17.75416756,1464.483398,60,2,1,180,22.25656735,19,NA,23.9
80,80,Yueyang,10.43359375,2014.925373,33.27112472,0.203932224,0,325.050028,0,0,0,18.01944542,1468.616699,70,2,1,90,33.93485977,18,NA,19.6
81,81,Yueyang,10.10645161,1835.820896,34.94386162,0.989194562,0,451.872786,0,1.036766369,0,17.81944466,1487.583374,45,2,3,143,15.01980755,15,NA,21
82,82,Xiangxi,14.51384615,2029.850746,56.02885977,1.400499232,0.604536485,776.922814,0,1.254877123,0,16.03750038,1491.333374,70,6,3,740,125.8342478,35,2,35.2
83,83,Changde,11.61734694,1761.19403,36.80158324,1.77039999,1.19733704,950.397738,297.077955,1.682395196,1.306872348,17.84444427,1381.68335,40,2,2,150,33.94915066,16,2,22.9
84,84,Yueyang,10.25428571,1253.731343,30.96022842,0.512957853,0,650.100056,135.912187,0.107379042,0,17.79861069,1487.199951,50,2,3,180,16.94636871,15,NA,18
85,85,Xiangxi,11.91756757,1104.477612,5.950128601,0,0,325.050028,0,0,0,16.01249886,1424.68335,10,3,3,475,21.96781088,13,NA,12
86,86,Yueyang,8.467132867,3805.970149,40.75133863,1.313115609,0.518186213,936.034554,271.824373,1.707769109,0.284217311,18.08472252,1418.68335,90,5,3,70,25.00475229,15,NA,20.4
87,87,Yueyang,8.843801653,3000,36.47181075,1.096481583,0,787.813212,0,0.675668484,0,17.96388817,1469.75,70,1,2,120,21.0201066,16,NA,18.1
88,88,Huaihua,15.42727273,1223.880597,35.97281251,0.630694585,0.636514168,892.708379,0,0.328215057,0,16.99027824,1480.68335,60,2,1,400,65.03326817,36,NA,30.1
89,89,Changsha,8.251587302,3985.074627,34.49459481,1.077839785,0.673011667,776.922813,135.912186,1.244679132,0,17.97360992,1443.383301,80,10,10,90,17.17806676,20,NA,16.45
90,90,Xiangxi,9.901818182,1134.328358,34.08952723,1.466370446,0,826.85943,135.912187,1.504586439,0,17.08472252,1414.366699,55,2,1,490,11.17269306,18,NA,23.7
91,91,Yueyang,9.089552239,1104.477612,28.06979585,0.313041086,0,325.050028,0,0,0,17.79305649,1453.283325,45,1,2,260,11.07031653,16,NA,17.2
92,92,Changsha,11.70169492,1641.791045,44.36100891,1.363937061,0.983087759,899.327905,258.317278,1.609438242,0.744125288,17.92083359,1447.766602,80,1,15,85,20.37990451,25,NA,32.6
93,93,Changsha,7.420833333,880.5970149,29.71802905,0.746121357,0,335.940426,0,0,0,17.9430542,1449.766602,80,0,0,84,2.266164095,16,1,14.1
94,94,Changsha,8.771942446,2567.164179,38.29184396,0.584168265,0,776.922814,135.912187,0.123872625,0,17.99305534,1433.416626,80,10,15,85,24.65612436,20,NA,20.85
95,95,Changsha,8.623602484,2805.970149,32.33454549,0.626527983,0,776.922814,0,0.098879051,0,17.63472366,1486.216675,80,2,1,157,24.30694424,22,NA,16.6
96,96,Yueyang,9.713888889,1761.19403,45.51945838,0.934804169,0.683738906,874.802376,135.912186,0.798174831,0,13.46111107,1816.916626,45,3,2,1002,8.701095525,18,1,20.5
97,97,Xiangxi,17.07777778,776.119403,37.02705271,0.882827544,0,650.100056,0,0,0,16.90277863,1447.466675,80,5,1,490,19.288611,26,1,26.1
98,98,Xiangxi,13.5,1089.552239,49.8269358,1.103245638,0.693147181,776.922814,0,1.000468346,0,16.62083435,1465.18335,45,11,4,482,40.173061,22,2,32.9
99,99,Yiyang,13.31777778,970.1492537,37.12758687,1.134728942,0,776.922813,135.912186,1.268291485,0,17.1847229,1427.050049,80,5,5,280,20.57812665,25,NA,28.6
100,100,Changsha,9.081818182,3029.850746,40.39758707,1.643285921,1.165973196,908.768737,247.060194,1.300812289,0.522111071,17.97638893,1452.099976,80,10,20,110,34.92457233,21,NA,19.95
101,101,Yiyang,12.90655738,1223.880597,30.44640748,1.218013087,1.098612289,1036.569236,271.824372,1.288741754,1.656441632,16.85833359,1447.666748,60,5,3,280,25.65012816,25,NA,22.2
102,102,Changsha,6.952892562,3328.358209,23.19040166,0.966048962,0.900256051,761.248064,135.912187,0.262119894,0,18.10833359,1453.799927,80,10,15,95,8.955081636,15,NA,12
103,103,Changsha,7.549494949,2328.358209,28.80136628,1.044179998,0,787.813212,0,0.373674927,0,18.20833206,1454.383301,80,2,2,101,9.804633492,20,NA,15
104,104,Xiangxi,11.22258065,820.8955224,34.37516714,0.901768372,0,451.872786,0,0.585468067,0,16.72777748,1402.133301,70,4,2,290,10.12813095,14,NA,19.1
105,105,Xiangxi,19.32105263,1208.955224,46.414911,0.640782998,0.693147181,650.100056,0,0,0,17.66250038,1387.68335,35,2,6,350,35.66060575,38,1,35.1
106,106,Changsha,6.993589744,2537.313433,46.66014,0.912629387,0.801818553,798.321398,271.824373,0.275907151,1.203743907,18.16250038,1465.400024,80,2,1,83,6.298066953,19,1,14.2
107,107,Xiangxi,11.20808081,1641.791045,29.74597248,0.728617677,1.098612289,918.380502,135.912186,0.272567304,0,15.10972214,1429.333374,70,5,6,880,30.57680075,18,NA,20.2
108,108,Xiangxi,16.06857143,597.0149254,42.95761569,1.073572375,0,451.872786,0,1.284369166,0,17.40416718,1404.93335,40,2,4,290,35.89325836,27,NA,28.3
109,109,Huaihua,6.909090909,268.6567164,34.01441767,0.668248478,0,325.050028,0,0,0,17.21111107,1440.06665,30,15,10,190,0.889753325,8,NA,13
110,110,Yiyang,9.09789916,3776.119403,26.033367,0.375285279,0.376770161,786.012243,271.824374,0.235102661,0.57280942,17.82083321,1425.916626,45,2,2,260,38.02447984,18,NA,14.22
111,111,Xiangxi,9.49375,1268.656716,29.38435809,0.684749947,0,325.050028,0,0,0,15.43888855,1406.233276,52,4,5,760,9.139950147,17,1,19.2
112,112,Xiangxi,11.513846,1522.38806,45.66912059,1.230878796,1.418069365,925.144155,271.824372,0.441905638,1.972381863,16.90833282,1438.783325,50,2,3,420,48.33457043,22,2,26
113,113,Huaihua,16,731.3432836,69.1525702,1.309922211,0.562335145,899.327906,135.912187,1.326535638,0,16.00555611,1493.783325,50,8,5,640,111.1428649,32,2,48.7
114,114,Yiyang,10.48989899,3000,40.49851028,0.908415779,0.73562194,789.231969,135.912186,0.45502391,0,17.91110992,1427.083374,60,10,8,160,30.67144318,20,NA,26.5
115,115,Xiangxi,12.15263158,970.1492537,22.65883666,0.74990176,0,650.100056,0,0,0,17.49583435,1376,50,1,2,330,13.5897373,19,NA,20.1
116,116,Changsha,10.43898305,1835.820896,29.18260125,0.962564483,0.693147181,912.835,135.912186,0.689849039,0,18.13750076,1423.050049,60,2,2,170,14.66188136,25,1,17.9
117,117,Changsha,7.610204082,2985.074627,30.98683675,1.099621358,0,776.922813,135.912186,1.35616889,0,17.37638855,1530.466675,80,20,20,285,9.934117053,16,NA,18.8
118,118,Huaihua,6.7,3597.014925,0.8,0,0,325.050028,0,0,0,16.66805458,1461.300049,30,6,3,550,13.358698,5,2,6.7
119,119,Loudi,9.641071429,3059.701493,36.75832466,0.808227687,0,451.872786,0,0.637907951,0,17.09860992,1429.483398,60,5,3,300,36.68412406,24,NA,21.9
120,120,Loudi,11.4223301,1791.044776,38.57813716,0.97739134,0,451.872786,0,1.225668364,0,16.09166718,1497.300049,40,1,2,320,37.14449688,20,NA,21.5
121,121,Yiyang,9.030894309,4343.283582,40.51422868,0.693878102,0.376770161,912.835,135.912186,0.208031295,0,16.5625,1473.966675,80,4,5,455,49.8641241,23,NA,23.56666667
122,122,Changsha,7.234042553,2597.014925,24.18007109,0.983854004,0,451.872786,0,0.933904171,0,17.02499962,1450.366699,65,11,12,340,7.633339934,12,NA,13.5
123,123,Changsha,10.86315789,1134.328358,28.51116202,1.286900328,0.598269589,786.658016,145.647389,1.409207436,2.132856587,17.52222252,1441.5,60,10,12,230,15.46085637,21,NA,17
124,124,Huaihua,12.694309,2179.104478,23.70432215,0.31595829,0,325.050028,0,0,0,17.25138855,1425.449951,50,4,2,190,24.24192476,12,2,14.25
125,125,Loudi,8.788356164,2208.955224,27.6692641,0.071584834,0,325.050028,0,0,0,16.53333282,1478.083374,50,1,2,370,21.94505251,14,NA,19.15
126,126,Yiyang,7.908108108,3686.567164,28.94476552,0.563444371,0,325.050028,0,0,0,16.625,1473.849976,40,3,5,485,20.67043848,14,NA,14.23333333
127,127,Changsha,11.91111111,2880.597015,38.77425987,0.964520952,0.828741867,662.409211,135.912186,0.172370549,0,18.17083359,1440.449951,80,1,3,110,25.7331205,18,NA,23.2
128,128,Huaihua,8.48,2029.850746,25.01866606,0.717021981,0,451.872786,0,0.064305773,0,17.00972176,1439.18335,75,5,3,386,10.2265499,11,NA,13.8
129,129,Loudi,10.66923077,731.3432836,43.54947226,0.650482307,0,335.940426,0,0,0,16.84027863,1446.583374,65,3,2,305,4.25707318,11,NA,19.7
130,130,Loudi,9.402222222,2298.507463,36.03994281,0.512465533,0,451.872786,0,0.185801264,0,17.36666679,1417.716675,50,2,3,220,27.57491204,28,NA,17.9
131,131,Changsha,9.541803279,2925.373134,28.05340647,0.662852494,0,325.050028,0,0,0,17.85416603,1429.81665,90,7,4,220,22.92900645,22,NA,16.4
132,132,Changsha,8.13539823,2328.358209,34.8424683,0.936579563,0,451.872786,0,0.788230218,0,17.96805573,1430.06665,70,8,4,150,14.68388572,15,NA,16.4
133,133,Xiangtan,11.14132231,2059.701493,36.35091516,1.056942668,1.277034259,1017.906509,258.317278,0.972610574,2.266716988,17.95138931,1448.25,90,1,3,140,38.92235615,22,2,21.8
134,134,Changsha,11.9527027,2447.761194,37.02841088,1.070901472,1.153741943,1037.845352,384.525569,0.940591244,1.781250854,18.23611069,1447.300049,80,2,1,130,30.49973321,20,NA,26
135,135,Xiangxi,11.39333333,1313.432836,53.92125514,1.565067146,0.774506534,1015.11347,258.317278,1.362217516,0.872021822,17.17222214,1341.616699,70,3,6,710,38.97742289,27,NA,27.9
136,136,Xiangxi,7.241666667,925.3731343,17.5409904,0.491327448,0,325.050028,0,0,0,16.96111107,1376.199951,50,1,1,390,0.897201393,5,NA,9
137,137,Xiangxi,8.484615385,537.3134328,38.08442648,0.65405481,0,325.050028,0,0,0,17.47500038,1386.050049,60,2,1,150,2.014527166,5,NA,14.4
138,138,Huaihua,7.112,1567.164179,41.66014,0.548874384,0,325.050028,0,0,0,17.27777863,1429.116699,70,5,2,200,1.860417205,11,1,9.8
139,139,Loudi,11.63333333,1955.223881,32.48448533,0.909320018,0.693147181,912.835,271.824373,0.648305256,2.086567662,16.23194504,1498.449951,60,2,2,480,36.14066076,22,NA,21.6
140,140,Changsha,8.572527473,3611.940299,27.34024404,0.893474599,0,776.922814,0,0.640841667,0,16.93888855,1472.616699,70,12,8,510,23.46123702,20,NA,17.15
141,141,Changsha,7.995652174,2223.880597,30.81703618,1.11892262,0,458.984322,0,1.185376777,0,17.8069458,1440.18335,60,8,8,280,10.3665989,10,NA,15.1
142,142,Changsha,9.873958333,1910.447761,30.42919988,0.638283758,0,650.100055,135.912186,0.160309471,0,17.93055534,1431.633301,60,5,4,150,20.77272424,20,NA,20.2
143,143,Changsha,10.15154639,1656.716418,39.28805716,1.11469855,0.529706199,900.514407,248.613382,0.837345187,1.324063807,18.19166756,1430.68335,90,10,1,85,26.40098328,18,NA,22
144,144,Xiangxi,10.94782609,552.238806,37.87616175,1.011269802,0.562335145,650.100056,0,0,0,16.35138893,1330.766602,50,3,5,610,7.411063293,18,1,22.1
145,145,Huaihua,7.653333333,925.3731343,18.42895392,0.142505867,0,325.050028,0,0,0,17.57222176,1388.333374,38,3,3,250,5.344108452,11,NA,10.3
146,146,Loudi,11.17281553,1925.373134,23.94909411,0.546186537,0,451.872786,0,0.050087409,0,16.8152771,1451.616699,45,1,3,370,29.08427416,24,NA,17.1
147,147,Loudi,8.629479769,3029.850746,28.11762448,0.54723827,0,451.872786,0,0.174412802,0,16.63888931,1454.93335,60,2,2,470,24.17835118,14,NA,14.86666667
148,148,Xiangtan,10.25725191,2149.253731,32.24568635,1.157602669,1.272089869,1147.941289,394.229466,1.102564723,1.470663217,17.95555496,1449.550049,70,1,2,115,31.41529226,22,NA,17.85
149,149,Xiangxi,10.77846154,1029.850746,29.27116072,0.221347809,0,325.050028,0,0,0,17.47638893,1368.199951,60,2,2,170,17.58012627,17,NA,16.6
150,150,Loudi,9.257471264,2970.149254,35.52971366,1.088546564,0,776.922813,135.912186,1.263608731,0,16.19444466,1494.18335,120,1,10,460,31.74726739,21,NA,23.8
151,151,Loudi,8.330597015,2567.164179,23.02060132,0.670525264,0,451.872786,0,0.222820153,0,16.16388893,1527.333252,45,1,2,620,16.03082647,12,NA,13.5
152,152,Loudi,8.694308943,3164.179104,37.01611697,1.350075037,1.49856908,984.815974,281.559575,1.404571523,2.392685748,16.72638893,1506.43335,70,1,8,360,20.02726989,10,2,19.95
153,153,Loudi,12.15327103,1895.522388,40.8664588,0.480098981,0,650.100055,135.912186,0.062282616,0,16.39444351,1544.099976,34,2,3,480,49.84974799,28,NA,25.9
154,154,Xiangxi,6.469148936,4283.58209,19.64949066,1.086898321,0,501.809402,0,0.909587029,0,16.20694351,1330.416748,56,2,3,650,11.05069659,12,NA,10.45
155,155,Xiangxi,13.46052632,1432.835821,48.23959816,0.719455927,0,650.100056,135.912187,0.128914715,0,16.35555649,1336.583374,70,4,3,630,27.14674606,20,NA,29.2
156,156,Xiangxi,9.152631579,2029.850746,21.06727197,0.801435682,0,451.872786,0,0.299212143,0,16.85972214,1329.449951,70,3,3,340,11.71011238,11,NA,14.3
157,157,Huaihua,7.688235294,1865.671642,22.48042595,0.901059105,0,776.922814,0,0.811660054,0,17.36666679,1345.25,30,2,5,280,9.992084758,11,NA,11.7
158,158,Huaihua,7.313414634,2089.552239,22.13120784,1.03856019,0,451.872786,0,1.104053209,0,16.75694466,1433.466675,70,4,4,344,6.388653185,7,2,12
159,159,Xiangtan,10.2009434,3104.477612,22.35369727,0.720167581,0,650.100056,135.912187,0.047015984,0,17.87361145,1459.599976,70,1,3,220,22.53406862,21,NA,13.975
160,160,Xiangtan,11.85384615,895.5223881,25.29837575,0.80174716,0,650.100055,135.912186,0.503998245,0,17.5625,1465.116699,80,10,5,305,8.817830437,22,1,15.9
161,161,Xiangtan,9.463333333,1850.746269,24.41812127,0.950995321,0,660.990454,135.912187,0.739528421,0,18.33889008,1453.550049,60,1,1,120,10.63849796,12,NA,17.1
162,162,Huaihua,7.102469136,3134.328358,25.18292675,0.753830295,0,501.809402,0,0.312697698,0,17.24444389,1360.800049,35,1,2,240,12.56731198,10,NA,12.3
163,163,Xiangxi,11.34782609,477.6119403,31.63262275,1.075209496,0,451.872786,0,1.240845523,0,16.14999962,1324.766724,65,6,10,680,6.862738946,5,NA,18
164,164,Huaihua,9.051351351,656.7164179,21.45720301,0.43815932,0,325.050028,0,0,0,17.43055534,1344.550049,30,5,3,270,5.501379532,11,NA,13
165,165,Loudi,10.99909091,1761.19403,24.40869113,0.296172324,0,451.872786,0,0.046929289,0,18.04027748,1436.06665,70,3,3,270,29.87849996,23,NA,17.95
166,166,Xiangtan,7.904651163,1985.074627,34.51267712,0.720936777,0,650.100056,0,0,0,18.16805649,1461.81665,60,20,10,161,10.51838616,17,NA,15.7
167,167,Huaihua,13.24054054,1000,42.378492,0.843080438,0,451.872786,0,0.38814998,0,17.06388855,1332.833374,70,2,3,400,20.63808041,33,1,20.8
168,168,Loudi,8.068421053,2761.19403,25.77428495,0.854351208,0,660.990453,135.912186,0.151658517,0,18.43888855,1434.900024,60,2,1,135,19.41648987,14,NA,15.5
169,169,Xiangtan,10.35882353,2328.358209,33.95215033,1.283868268,1.545422903,1055.846726,406.53862,1.153520595,1.636853416,18.35833359,1441.466675,80,1,2,110,21.62932331,18,NA,21.5
170,170,Huaihua,9.825,2119.402985,38.34333542,1.0395966,0,451.872786,0,1.277272032,0,16.92083359,1394.400024,60,2,1,310,16.63015162,13,NA,18.8
171,171,Huaihua,15.725,668.6567,24.127983,0.900908873,0,451.872786,0,1.119246047,0,16.63055611,1415.449951,70,2,3,370,13.29533814,4,1,22
172,172,Loudi,10.01632653,1089.552239,30.1358852,0.900599619,0,776.922814,135.912187,0.554386118,0,17.63333321,1409.06665,65,5,3,290,10.93361817,11,NA,16.4
173,173,Loudi,8.838528139,3776.119403,39.495543,0.684749776,1.339268537,1036.512054,510.015029,0.519406043,1.491967019,16.17361069,1445.93335,70,2,1,190,40.8999772,17,2,20.26666667
174,174,Xiangtan,9.01092437,2402.985075,34.67609455,1.355415051,0.815314037,683.268076,135.912186,0.844904877,0,18.40416718,1451.199951,80,20,10,75,21.47250035,20,NA,16.86666667
175,175,Loudi,11.73088235,1552.238806,30.68619902,0.763259253,0,650.100056,135.912187,0.212170377,0,18.36666679,1445.150024,90,1,2,150,23.85397675,24,NA,23.9
176,176,Huaihua,9.82189781,3059.701493,46.1061595,1.630201746,1.703996491,1180.02105,406.538619,1.515728851,0.871945555,16.78888893,1311.300049,73,5,5,550,35.88907795,18,NA,28.8
177,177,Loudi,8.615384615,1059.701493,33.04417926,0.64544948,0.673011667,786.012243,271.824374,1.591719477,1.256907528,17.64722252,1436.266602,46,3,2,320,1.881040996,6,NA,13.4
178,178,Huaihua,9.480165289,2253.731343,73.54414563,1.842813977,1.510193317,897.515499,371.018474,1.959253035,1.7379515,16.81666565,1343.383301,40,2,3,510,64.44087748,41,NA,42.15
179,179,Huaihua,12.1702381,1820.895522,45.33997821,1.29914849,0.897945725,912.835001,271.824374,1.279456252,0.641279351,15.375,1471.650024,80,2,3,550,39.12369368,25,NA,26.5
180,180,Shaoyang,10.5511811,2477.61194,36.33827525,1.182291516,0.673011667,912.834999,271.824372,1.321669872,2.934325203,16.10833359,1446.116699,80,3,1,510,34.14107713,19,NA,19.45
181,181,Loudi,8.366013,2761.19403,36.28612115,1.160193605,1.198849313,922.570203,281.559576,1.059152977,2.146362414,18.15972328,1444.68335,70,2,2,120,40.92355341,18,2,20.25
182,182,Shaoyang,11.03986014,2462.686567,44.98398662,0.956739904,1.232643284,1023.062141,382.051514,0.753762432,2.173081236,16.26805496,1427.216675,50,2,1,440,55.28655868,23,NA,27.6
183,183,Shaoyang,11.90677966,1104.477612,42.20142108,1.135860181,0,776.922813,135.912186,1.317413212,0,15.66111088,1480.75,80,2,1,700,20.3485342,17,NA,26
184,184,Xiangtan,20.78695652,647.7612,35.183128,0.680387214,0,650.100056,0,0,0,18.42361069,1463.833252,80,1,2,65,42.82375575,36,1,32.5
185,185,Zhuzhou,11.99516129,1507.462687,43.9826125,1.502005746,1.169992997,1168.709531,527.698904,1.644214388,1.702727433,18.39166641,1474.016724,80,2,1,80,21.41364776,12,2,28.4
186,186,Huaihua,11.99207921,1805.970149,55.66730664,1.90956568,1.421749104,1171.283483,517.9637,1.690692758,2.287964698,16.40139008,1304.916626,80,4,5,460,59.32333286,38,2,34.2
187,187,Huaihua,7.768627451,2208.955224,28.24128506,1.0815071,0,776.922813,135.912186,1.022406304,0,13.08888912,1581.949951,60,10,6,1200,10.48524422,20,NA,15.4
188,188,Shaoyang,9.076821192,2507.462687,32.08357327,0.762263889,0,776.922814,135.912187,0.686079355,0,16.5625,1419.283325,80,2,1,426,23.8039951,18,NA,18.2
189,189,Shaoyang,10.78446602,1776.119403,38.46221385,0.978678288,0,776.922813,135.912186,1.096606611,0,16.21805573,1447.516602,80,3,1,600,28.95398358,22,NA,23.3
190,190,Shaoyang,10.81517241,2328.358209,39.70685982,0.886483288,0.693147181,900.65705,259.646423,1.111308716,1.69374754,16.75694466,1417.199951,100,2,2,370,45.64324229,22,2,29.8
191,191,Xiangtan,9.568181818,3029.850746,30.68671392,0.650511373,0.636514168,912.835001,271.824374,0.329348752,1.163803267,17.96111107,1471.099976,80,1,2,185,34.51039275,18,NA,18.45
192,192,Xiangtan,11.75128205,761.1940299,44.16637839,1.220252355,1.220607265,897.515499,371.018474,0.864877244,1.801515956,18.46388817,1460.849976,60,1,3,112,16.90080907,17,NA,22
193,193,Huaihua,13.362,1731.343284,45.50616128,0.994412977,0,451.872786,0,1.289371446,0,17.14166641,1272.383301,75,3,2,300,63.96658901,27,NA,27.9
194,194,Shaoyang,9.040104167,3746.268657,39.43619226,1.172566937,0,462.763184,0,1.116850236,0,16.13194466,1441.766724,80,3,1,480,31.19430228,17,NA,21.55
195,195,Xiangtan,9.563636364,1388.059701,35.56251222,1.358626302,1.430349831,1152.412278,503.104172,1.524694591,1.959576955,18.60555458,1461.099976,80,1,2,73,13.53218655,13,NA,20.7
196,196,Huaihua,7.759574468,1104.477612,26.39834344,0.656166003,0,325.050028,0,0,0,16.27361107,1254.833374,30,1,2,640,4.765884866,15,1,12.2
197,197,Huaihua,15.14482759,1104.477612,43.88990317,0.989659967,0,451.872786,0,1.086222775,0,16.6930542,1271.300049,70,6,5,380,24.04538139,25,NA,29.2
198,198,Shaoyang,9.921568627,2044.776119,43.72487913,1.203503336,0.636514168,789.231969,135.912186,1.226572558,0,15.1291666,1536.533325,40,6,3,840,22.60776234,23,NA,25.45
199,199,Loudi,8.417575758,2805.970149,34.42372467,0.557351935,0,451.872786,0,0.268659415,0,16.81111145,1594.716675,60,1,2,440,24.34545705,25,NA,21.65
200,200,Shaoyang,11.79495798,2238.80597,34.37431246,1.042341906,0,776.922813,135.912186,1.158620497,0,15.57361126,1453.949951,90,10,5,610,39.77298011,20,NA,21.2
201,201,Shaoyang,11.84885057,2611.940299,33.36805954,0.668087935,0,451.872786,0,1.1576848,0,16.84305573,1399.349976,100,5,4,400,60.29752348,28,NA,22.1
202,202,Shaoyang,10.84705882,2029.850746,46.59553535,0.419232735,0,650.100056,135.912187,0.041923357,0,17.32777786,1433.650024,60,2,1,330,43.84029326,23,NA,23.85
203,203,Huaihua,15.35471698,1059.701493,32.93304816,1.226984321,0.673011667,892.708379,0,0.97679655,0,15.67638874,1302.966675,75,4,3,740,39.16270169,23,NA,28.2
204,204,Shaoyang,11.80987654,1388.059701,38.1428673,1.331943422,1.242453325,1081.350219,390.402976,1.47079085,2.185182789,16.54999924,1410.916626,60,6,4,360,29.34722547,27,NA,21.9
205,205,Shaoyang,12.43222222,1985.074627,35.19743188,1.248343332,0.809205473,899.327905,258.317278,1.1455701,1.033507345,16.04722214,1462.199951,70,5,2,700,39.93070113,23,NA,22.4
206,206,Shaoyang,8.946808511,2402.985075,30.12228904,0.846525204,0.900256051,899.327906,135.912187,0.504924957,0,17.86527824,1391.283325,90,5,3,260,22.47013802,28,NA,16.65
207,207,Huaihua,9.770760234,2835.820896,30.23809637,0.964698818,1.098612289,1035.240093,271.824374,1.12664556,1.309278675,15.42638874,1256.733276,70,3,4,760,34.30163141,19,NA,17.55
208,208,Shaoyang,9.261052632,1731.343284,40.39233963,0.556581412,0,451.872786,0,0.110305733,0,16.50416756,1427.716675,40,5,1,550,20.4283273,24,NA,20.8
209,209,Hengyang,12.01538462,2000,38.79994831,0.498753648,0.636514168,650.100056,135.912187,0.065731824,0,18.45972252,1452.716675,80,1,2,160,51.42385436,19,2,26.75
210,210,Shaoyang,10.35970149,3059.701493,34.69222929,1.18551339,0.297444941,1035.240092,394.229465,1.370266029,0.294480578,16.79305649,1409.483398,80,6,3,400,49.25613803,25,NA,21.33333333
211,211,Shaoyang,9.975609756,1985.074627,37.08609863,0.310526434,0,325.050028,0,0,0,17.02777863,1410.199951,50,6,1,400,30.24539406,20,NA,19.9
212,212,Shaoyang,9.737790698,2850.746269,30.9283263,0.723404006,0.562335145,900.65705,259.646423,0.547581789,1.065859288,17.26388931,1389.583374,100,2,3,310,35.87641115,25,NA,21.6
213,213,Shaoyang,12.51397849,1820.895522,44.61101315,1.135344102,1.044186848,1032.151571,395.55861,0.808045456,0.541229527,17.30277824,1392,100,5,4,320,46.24113061,34,NA,26.8
214,214,Shaoyang,11.53255814,1417.910448,25.43890536,0.313362274,0,325.050028,0,0,0,17.1222229,1395.783325,60,10,3,380,27.19598515,33,NA,19.5
215,215,Shaoyang,11.67553191,1970.149254,39.17107703,0.700890362,0,650.100056,135.912187,0.155444336,0,18.42499924,1420.18335,80,2,1,280,36.2601966,26,NA,21.8
216,216,Shaoyang,10.27959184,2298.507463,38.40960931,0.691714553,0,650.100056,135.912187,0.050814487,0,18.50138855,1417.31665,50,2,1,170,26.43915101,21,NA,19.1
217,217,Zhuzhou,13.16,179.1044776,44.39956304,1.329661349,0.636514168,786.012243,135.912187,1.694548487,0,18.32361221,1478.283325,35,1,1,140,5.346251034,5,NA,21
218,218,Huaihua,13.80652174,1567.164179,58.71140809,1.164037473,0.271189373,912.835001,135.912187,1.128968028,0,16.45694351,1285.883301,70,5,4,420,43.84220313,31,NA,36
219,219,Shaoyang,9.196273292,2701.492537,33.99200421,1.048700875,0.636514168,776.922814,135.912187,1.169335008,0,17.21944427,1391.75,80,5,2,330,28.26283231,22,NA,18.56666667
220,220,Shaoyang,9.565306122,2373.134328,39.45038252,0.820685079,0,451.872786,0,1.09228576,0,17.33888817,1388.06665,50,5,2,390,34.6494426,22,NA,21.45
221,221,Shaoyang,10.56849315,1626.865672,23.4057196,1.193394926,1.119990356,1000.497442,382.051514,1.263498202,1.920395692,17.14722252,1413.416626,80,2,1,420,17.42760109,20,NA,17.2
222,222,Hengyang,8.9525,2686.567164,45.01270524,1.046705446,0.86605987,908.548539,382.051514,0.906960093,0.794678532,18.33749962,1493.266724,80,1,3,180,26.0103261,15,2,25.35
223,223,Shaoyang,9.729885057,2865.671642,35.07037701,0.623631177,0,451.872786,0,0.506745205,0,17.25972176,1397,80,4,3,320,38.5609335,23,NA,19.4
224,224,Shaoyang,9.349411765,1507.462687,27.14637318,0.544574081,0.693147181,650.100056,135.912187,0.059181706,0,17.13055611,1410.733398,40,4,2,350,15.04926005,22,NA,16.3
225,225,Shaoyang,11.22061856,1477.61194,33.34401825,0.233990145,0,451.872786,0,0.156137954,0,17.41527748,1395.416626,80,3,1,320,31.64915207,25,NA,21.1
226,226,Shaoyang,10.22302632,2611.940299,37.69398642,0.568185603,1.011404265,772.505148,135.912187,0.033992738,0,17.51527786,1426.81665,50,1,1,330,40.73919854,23,NA,21.45
227,227,Hengyang,8.185,910.4477612,28.10794043,0.844936693,0,335.940426,0,0,0,18.66250038,1465.800049,80,0,2,100,2.436958425,8,NA,15.2
228,228,Shaoyang,8.589361702,2179.104478,29.14528762,0.85865524,0.636514168,826.859429,135.912186,0.211509519,0,17.11527824,1461.43335,85,3,2,320,13.04400994,21,NA,16.5
229,229,Hengyang,10.75102041,1104.477612,34.18207544,1.070010714,0.950270539,660.990453,135.912186,0.424717956,0,18.68333435,1449.116699,40,0,0,105,13.8940441,14,NA,19.1
230,230,Shaoyang,8.687022901,3164.179104,24.62368444,0.69276618,0,451.872786,0,0.039464227,0,17.28055573,1407.883301,80,5,1,340,18.0438033,18,NA,14.55
231,231,Shaoyang,9.368604651,2925.373134,33.36276463,0.403126087,0,650.100056,135.912187,0.029080856,0,17.67222214,1396.833374,60,3,2,345,33.29936305,27,NA,16.85
232,232,Hengyang,8.946938776,1850.746269,33.53494095,0.818101185,0,776.922813,135.912186,0.516704517,0,17.98333359,1483.550049,50,1,3,230,16.4662946,11,NA,18.5
233,233,Shaoyang,13.18888889,1402.985075,55.43768711,1.441281411,0.651756561,912.835001,271.824374,1.762374713,1.202398783,17.46527863,1400.833374,80,1,1,270,47.1547283,30,NA,32
234,234,Shaoyang,10.84137931,1462.686567,35.25260377,0.72773176,0,650.100056,135.912187,0.085248517,0,17.57222176,1419.916626,70,3,2,330,17.52351984,28,1,21.4
235,235,Hengyang,10.0300813,3268.656716,24.84708041,0.685527885,0,325.050028,0,0,0,17.55833435,1474.81665,50,1,1,390,25.6776822,17,NA,15.65
236,236,Hengyang,9.82,2223.880597,36.98534925,1.295321045,1.263952661,1021.118531,394.229466,1.127883486,0.989908299,18.66110992,1455.366699,90,0,3,110,20.00225405,23,1,20.9
237,237,Huaihua,10.47934783,2432.835821,43.33641452,1.140522743,1.329661349,922.570203,145.647389,0.975398513,2.322443839,16.75138855,1302.93335,76,2,2,340,23.51277619,11,2,26
238,238,Huaihua,10.13777778,1104.477612,47.512837,1.852008885,1.643612721,1141.417133,492.109027,1.684342993,1.403419496,16.53055573,1352.650024,80,2,3,540,12.92826476,5,NA,20.8
239,239,Shaoyang,11.70206186,1955.223881,37.81485067,0.907462281,1.16828245,920.72649,394.229465,0.482239672,1.240490383,17.57916641,1395.716675,85,3,1,350,37.48735051,26,NA,23.4
240,240,Shaoyang,10.81742424,2582.089552,34.8446283,1.489583922,0.988087807,1047.549248,394.229465,1.571746621,1.022624669,17.19861031,1420.949951,90,5,3,460,38.54184277,26,NA,20.85
241,241,Hengyang,9.585185185,1447.761194,37.47333468,0.908768267,0.450561209,772.505147,258.317278,0.51466991,0.645942091,18.3125,1431.616699,35,0,0,120,12.08572679,18,NA,20.5
242,242,Zhuzhou,9.996261682,1865.671642,28.28080637,1.123267506,0.450561209,784.72469,259.646423,0.478627238,0.789525398,18.48472214,1490.966675,50,1,2,125,23.2372272,20,NA,16.4
243,243,Shaoyang,10.475,746.2686567,29.35264816,1.338258799,0.636514168,945.438032,254.490789,1.462821899,2.041179966,17.26666641,1409.06665,80,2,2,390,9.716294042,23,1,17.5
244,244,Shaoyang,9.213333333,2059.701493,32.87140553,1.643405755,1.434595845,1047.549248,394.229465,1.508094121,0.852126467,17.30555534,1419.016602,65,5,2,380,18.03624731,21,NA,18.35
245,245,Hengyang,10.62790698,2358.208955,40.31703178,0.759052997,0.450561209,783.395545,258.317278,0.237253669,0.645942091,17.76805496,1473.550049,80,1,2,270,40.5649482,18,2,23.75
246,246,Hengyang,10.77831325,2104.477612,32.01357178,1.070478864,0.921493431,772.505147,258.317278,0.723654922,0.82558279,18.39305496,1473.600098,35,1,2,230,23.73528105,19,NA,18.6
247,247,Hengyang,8.975862069,1641.791045,46.11069495,0.919217737,0,650.100055,135.912186,0.90928357,0,18.54722214,1468.483276,10,0,1,140,12.38651241,21,1,19.3
248,248,Shaoyang,11.04175824,1552.238806,40.35822984,0.908809607,0,451.872786,0,1.087085739,0,16.61944389,1435.93335,80,2,1,430,29.08004545,19,NA,24.8
249,249,Shaoyang,7.815447154,2119.402985,20.93380527,0.581419448,0.450561209,650.100056,135.912187,0.197744388,0,16.72500038,1447.266602,80,1,1,470,12.03258202,16,NA,11.35
250,250,Shaoyang,9.704651163,2074.626866,25.26101947,0.258634717,0,325.050028,0,0,0,16.78611183,1447.150024,15,2,3,480,24.65927955,22,NA,16.35
251,251,Shaoyang,12.7112782,2805.970149,37.95687669,0.711894291,0,451.872786,0,0.039765445,0,17.08055496,1426.900024,30,1,2,290,67.42382691,31,NA,26.75
252,252,Hengyang,7.9,1492.537313,24.18027812,0.73783174,0.598269589,786.012242,271.824373,0.556666,1.105479099,18.76249886,1449.849976,45,1,1,80,8.781703191,11,NA,14
253,253,Shaoyang,8.250632911,2373.134328,24.85879711,0.7926846,0,451.872786,0,0.250420522,0,16.47222137,1466.916626,50,2,3,570,9.455739961,18,1,15.5
254,254,Shaoyang,7.445180723,2850.746269,26.52533149,0.626759086,0,451.872786,0,0.376029097,0,16.71527863,1457.716675,60,3,2,560,14.89788651,19,NA,14.35
255,255,Yongzhou,12.54909091,895.5223881,39.62062424,0.286835983,0,325.050028,0,0,0,17.23472214,1426.866699,60,10,5,432,28.12736297,17,NA,28.8
256,256,Hengyang,8.144230769,1149.253731,19.18719,1.648204863,1.267061335,795.704701,258.317278,1.45547374,0.901813888,18.48611069,1421.633301,70,1,1,180,6.918799094,13,1,16.5
257,257,Hengyang,7.953125,1014.925373,13.246855,0.801435682,0,650.100056,135.912187,0.294794418,0,18.51944351,1418.483398,60,3,1,170,3.944863815,10,1,15.9
258,258,Shaoyang,9.296296296,1895.522388,28.26693995,0.618854305,0.950270539,908.417335,394.229466,0.273258298,1.504877541,16.91250038,1447.199951,80,4,4,530,18.92795118,20,NA,16.65
259,259,Shaoyang,9.599319728,2402.985075,28.24763565,0.796585369,0,650.100056,135.912187,0.912681735,0,17.33055496,1417.099976,70,2,2,360,28.01785797,19,NA,17.1
260,260,Yongzhou,10.08813559,1865.671642,30.04084734,0.900667763,1.458319222,1044.975294,403.964667,0.693043479,1.762630888,17.46111107,1433.716675,75,5,2,380,27.25485619,17,NA,22.1
261,261,Shaoyang,9.392982456,1119.402985,25.86579202,0.551079928,0,325.050028,0,0,0,17.37916756,1411.06665,90,2,3,315,10.08898301,19,NA,18
262,262,Zhuzhou,16.81403509,910.4477612,31.96233977,0.78057789,0,650.100055,135.912186,1.304425777,0,18.36111069,1480.349976,80,0,1,130,58.98795632,40,NA,32.3
263,263,Yongzhou,11.23606557,2358.208955,31.44329239,1.064735446,1.435747044,1019.935196,493.438171,1.366474638,1.74588815,18.26527786,1413.216675,50,1,2,322,17.63119842,19,NA,28.4
264,264,Hengyang,13.74090909,1791.044776,46.37972148,1.311631308,0.941699091,896.239383,382.051514,1.774202443,1.612929145,18.29166603,1484.083374,60,1,2,160,47.87552753,33,NA,27.5
265,265,Zhuzhou,12.3047619,1611.940299,52.71934318,0.126930545,0,325.050028,0,0,0,18.19583321,1482.18335,30,3,2,230,65.6135395,18,2,31.7
266,266,Shaoyang,22.27222222,1373.134328,37.72231074,0.577633833,0.693147181,772.505147,258.317278,0.564488124,1.162695763,16.85277748,1411.466675,60,5,2,430,44.62328484,23,NA,36.4
267,267,Shaoyang,12.02666667,1910.447761,53.35591771,0.696728018,0,776.922814,0,0.486884148,0,16.19444466,1494.150024,120,5,3,550,74.05713214,27,2,39.75
268,268,Shaoyang,11.58712871,1686.567164,35.67999931,0.838657648,0,451.872786,0,0.97031713,0,16.62638855,1472.31665,140,4,5,540,36.00286722,27,NA,20.25
269,269,Yongzhou,8.834862385,2388.059701,31.79665234,1.078076128,0,776.922813,135.912186,1.004788239,0,17.54305458,1399.18335,90,1,1,230,17.32122748,18,NA,15.35
270,270,Chenzhou,9.209803922,1970.149254,29.10599899,0.535959889,0,325.050028,0,0,0,18.30277824,1461.733398,70,2,3,210,17.72484677,16,NA,15.66666667
271,271,Shaoyang,14.74680851,1552.238806,29.59698642,0.316548972,0,325.050028,0,0,0,17.29027748,1458.56665,100,3,3,430,64.14078645,31,NA,24.8
272,272,Yongzhou,9.532432432,1268.656716,26.66779948,0.385266964,0,325.050028,0,0,0,18.67222214,1406.483398,60,1,1,130,13.63121494,22,NA,15.3
273,273,Huaihua,10.0079646,2462.686567,46.73104317,1.631508736,1.544846116,1036.512054,394.229464,1.347487296,1.262235594,16.85833359,1372.349976,70,3,3,500,33.66091707,18,NA,27.5
274,274,Shaoyang,16.89130435,1104.477612,34.04123005,0.663264681,0,325.050028,0,0,0,16.31805611,1484.233398,60,3,2,510,49.61419359,20,2,31.8
275,275,Huaihua,10.52356322,3164.179104,61.18901063,1.473167436,1.531444485,1016.014052,251.69775,1.178357591,1.289582423,16.04583359,1381.766724,100,5,3,650,82.45268272,35,NA,38.6
276,276,Huaihua,14.54383562,2686.567164,40.45436461,1.123332225,1.206124156,920.72649,394.229465,1.164151627,1.194492064,16.15416718,1440.483398,85,4,3,570,54.65907673,25,2,29.8
277,277,Chenzhou,8.093333333,3029.850746,29.54287113,0.637646279,0,325.050028,0,0,0,18.46111107,1449.666748,65,1,1,195,16.27826126,13,NA,13.93333333
278,278,Zhuzhou,12.63703704,1283.58209,41.86345815,0.958505155,0,776.922813,135.912186,0.890453122,0,17.29583359,1524.68335,80,1,1,248,28.8517423,21,NA,26.1
279,279,Yongzhou,8.309734513,1850.746269,30.19843288,0.438999754,0,650.100056,135.912187,0.171789875,0,18.36388969,1381.233398,110,1,1,170,14.8961432,19,NA,16.05
280,280,Yongzhou,6.827941176,1701.492537,22.98181967,0.674408727,0,325.050028,0,0,0,18.54305649,1363.68335,10,1,1,140,4.601839265,11,NA,12.2
281,281,Zhuzhou,11.95083333,2029.850746,51.327831,1.154191832,0.862886753,922.055634,395.558609,0.641120383,1.421496634,14.37361145,1703.849976,30,1,1,1270,66.48144585,33,2,38.45
282,282,Huaihua,14.24035088,1582.089552,57.84434839,1.482868747,1.442672618,806.710158,271.824373,1.298760238,0.534997292,16.64166641,1389.916626,80,5,4,550,52.68102279,26,NA,47
283,283,Huaihua,13.57878788,1552.238806,42.93822543,1.311410963,0.474139313,776.922814,135.912187,1.260028888,0,16.50833321,1450.166626,90,4,5,430,41.50560746,18,2,24
284,284,Yongzhou,10.48913043,1865.671642,41.04667084,1.112991279,0.835937364,784.814303,258.317278,0.89815563,0.901813888,18.41944504,1385.599976,110,1,1,140,28.7026587,21,NA,24
285,285,Yongzhou,12.71165049,2029.850746,47.98473062,1.595694467,0.92544675,1035.240093,271.824374,1.757833571,1.223598459,16.54583359,1513.516602,110,1,1,225,57.46569226,24,2,25.55
286,286,Huaihua,10.74375,3343.283582,32.0298881,0.079591358,0.636514168,772.505148,135.912187,0.022560789,0,16.38055611,1433.25,85,3,4,630,63.44259018,16,2,19.73333333
287,287,Yongzhou,9.28372093,2298.507463,35.45488389,0.559314354,0,451.872786,0,0.156528502,0,18.27361107,1409.416626,70,1,1,260,25.61369389,16,NA,22.2
288,288,Chenzhou,9.429710145,2656.716418,33.73718611,1.033717837,0,451.872786,0,1.181757641,0,17.0652771,1508.666748,80,2,3,590,26.6793899,17,NA,18.75
289,289,Chenzhou,9.519230769,1179.104478,27.63968901,0.067887239,0,325.050028,0,0,0,16.05833435,1568.483398,85,2,3,720,14.45644274,18,NA,15.3
290,290,Chenzhou,12.78555556,1552.238806,42.94550159,0.707966517,0.693147181,662.409211,135.912186,0.298335872,0,13.38888931,1756.199951,60,10,4,1420,50.71125159,30,2,29.7
291,291,Shaoyang,18.645,1522.38806,44.41243692,0.641198593,0,451.872786,0,1.010168177,0,15.54861069,1589.93335,75,4,1,800,31.84028911,28,NA,28.5
292,292,Yongzhou,9.978125,2328.358209,29.01030171,1.145209993,1.365368986,1047.549248,394.229465,1.22288257,1.300958142,18.47916794,1406.483398,80,2,1,140,14.14806898,18,NA,18.7
293,293,Yongzhou,9.953061224,1208.955224,27.39049318,1.053763004,0.562335145,912.835001,135.912187,0.918041399,0,18.51111031,1438.616699,60,2,1,170,10.354419,24,1,14.7
294,294,Chenzhou,8.823129252,2597.014925,31.43757751,0.959414548,0.206192051,650.100056,0,0,0,15.96111107,1592.949951,30,1,3,1010,24.14263843,15,NA,18.45
295,295,Chenzhou,9.477777778,1194.029851,34.9603418,0.964326472,0.410116318,761.248064,135.912187,0.873239121,0,18.11944389,1468.716675,100,1,2,330,9.333940934,19,1,17.7
296,296,Yongzhou,8.76741573,1865.671642,31.72967062,1.090449977,0,776.922813,135.912186,1.176921214,0,18.2472229,1463.800049,90,3,1,220,13.83092958,18,NA,16.9
297,297,Chenzhou,9.038931298,2328.358209,33.30659452,0.543970983,0.636514168,786.012243,271.824374,0.147999356,1.163803267,18.51666641,1438.68335,100,2,2,270,23.06001713,18,NA,18.4
298,298,Chenzhou,8.546927374,2716.41791,24.31831616,0.084018247,0,325.050028,0,0,0,18.76666641,1415.583374,90,1,2,230,23.46029554,24,NA,14.2
299,299,Chenzhou,8.646067416,1910.447761,30.05329971,0.689536476,0,650.100056,135.912187,0.167508075,0,18.67777824,1437.166626,80,2,3,290,13.08260982,20,NA,16.4
300,300,Yongzhou,9.929268293,626.8656716,37.40704453,0.335790947,0,451.872786,0,0.13045988,0,17.82777786,1487.450073,30,1,1,570,10.11871424,17,NA,20.4
301,301,Chenzhou,6.9875,940.2985075,20.99750885,0.380613178,0,325.050028,0,0,0,18.83333397,1432.31665,50,1,1,240,0.557074729,5,1,9.8
302,302,Yongzhou,11.46891892,3029.850746,40.94560043,0.824998372,0,462.763184,0,0.157273101,0,18.42222214,1458.56665,110,1,1,320,28.88350802,22,NA,23.2
303,303,Yongzhou,10.38730159,2820.895522,38.78864825,0.920393436,0,776.922814,135.912187,0.60095442,0,17.88611031,1490.43335,60,1,0,450,36.42447818,20,NA,23.5
304,304,Yongzhou,14.02682927,761.1940299,37.27826793,1.266744293,0.673011667,899.327905,258.317278,1.219892547,1.116187933,18.62222099,1459.716675,40,1,2,275,23.99897883,20,NA,22.8
305,305,Chenzhou,5.633333333,373.1343284,9.695265,0.443306691,0,451.872786,0,1.1576848,0,17.4402771,1446.68335,60,1,1,430,0.113137506,6,1,5.8
306,306,Yongzhou,10.5,1537.313433,20.5066219,0.691968472,0,325.050028,0,0,0,18.3069458,1498.133301,55,5,1,249,11.12039739,14,NA,15
307,307,Yongzhou,9.916778523,2388.059701,26.63376928,0.250393518,0,325.050028,0,0,0,18.34722137,1520.349976,60,5,1,270,30.95000532,18,NA,18.35
308,308,Yongzhou,11.01884058,2298.507463,30.40517184,0.687740228,0,325.050028,0,0,0,19.06111145,1479.099976,100,1,1,200,20.58358547,23,NA,20.4
309,309,Yongzhou,10.03815789,1611.940299,31.81061476,1.17145143,0,660.990454,0,0,0,16.95138931,1538.283325,80,15,10,520,17.72523093,13,NA,17.1
310,310,Yongzhou,11.05128205,656.7164179,31.15876661,0.354051139,0,325.050028,0,0,0,12.32222176,1792.950073,90,5,1,198,11.6830761,14,NA,19
311,311,Chenzhou,16.075,611.9402985,18.89909,0.114665282,0,325.050028,0,0,0,18.45138931,1403.18335,65,2,3,400,42.00860034,31,1,27
312,312,Yongzhou,12.42307692,1074.626866,30.28541477,0.799235471,0,451.872786,0,0.253457619,0,19,1518.050049,100,5,0,250,16.04621084,16,NA,18.5
313,313,Yongzhou,12.19677419,895.5223881,32.30021315,0.692591522,0,325.050028,0,0,0,19.14861107,1496.18335,100,6,1,202,12.56118525,18,NA,20.2
314,314,Chenzhou,9.209836066,1417.910448,33.31565112,1.188832113,0.691761499,650.100055,135.912186,1.077356272,0,16.29444504,1529.016602,90,3,4,890,10.98431035,18,NA,19.2
315,315,Yongzhou,5.721875,2970.149254,13.09149073,0.441000726,0,325.050028,0,0,0,19.20416641,1518.583252,100,5,1,201,1.178995916,8,NA,8.1
316,316,Yongzhou,14.55217391,1432.835821,34.67280381,1.017128543,0,650.100055,135.912186,1.681583522,0,19.17916679,1504.333374,120,5,1,200,29.59630625,30,NA,26.4
317,317,Yongzhou,12.09411765,1164.179104,23.43610122,0.645033152,0,325.050028,0,0,0,18.78472328,1498.033325,100,5,1,289,18.08185459,17,NA,18.6
318,318,Chenzhou,10.40892857,1029.850746,32.65207479,0.88664262,0.955699891,778.194776,135.912186,0.131851358,0,18.74027634,1445.099976,85,1,1,380,14.54527176,22,NA,16.2
319,319,Chenzhou,10.8875,1537.313433,45.14754721,1.181037974,0.638911516,786.143447,259.646422,0.540655786,1.57567997,16.39027786,1530.699951,70,1,1,1150,18.80725409,18,NA,30
320,320,Yongzhou,9.655974843,2910.447761,45.50586582,1.011260513,0,776.922813,135.912186,1.013258655,0,14.53750038,1655.016602,60,1,2,1170,38.33373591,20,NA,30.3
321,321,Yongzhou,9.371764706,1701.492537,30.8605041,0.79970609,0,451.872786,0,0.444166404,0,17.34027863,1605.150024,60,2,5,640,15.15852213,13,NA,17.6
322,322,Yongzhou,9.972413793,716.4179104,36.63274125,1.058863941,0,660.990454,0,0,0,18.53750038,1556.016724,50,1,1,350,7.027814069,12,NA,17.6
323,323,Yongzhou,15.81025641,1208.955224,81.45181492,1.357522661,1.092017518,943.406119,306.813158,1.604963452,1.832600497,17.08611107,1541.75,75,2,3,650,81.48777342,39,2,47
324,324,Yongzhou,17.9,2776.119403,35.21769277,0.607175843,0,325.050028,0,0,0,18.15972137,1515.266602,100,2,6,460,70.83906994,27,2,32.4
